INSERT INTO card_to_subcategory (id_card, id_subcategory) VALUES ((SELECT id FROM card c WHERE c.id_expansion = '16' AND c.`number` = '1' LIMIT 1), 5);
INSERT INTO card_to_subcategory (id_card, id_subcategory) VALUES ((SELECT id FROM card c WHERE c.id_expansion = '16' AND c.`number` = '2' LIMIT 1), 5);
INSERT INTO card_to_subcategory (id_card, id_subcategory) VALUES ((SELECT id FROM card c WHERE c.id_expansion = '16' AND c.`number` = '3' LIMIT 1), 6);
INSERT INTO card_to_subcategory (id_card, id_subcategory) VALUES ((SELECT id FROM card c WHERE c.id_expansion = '16' AND c.`number` = '3' LIMIT 1), 9);
INSERT INTO card_to_subcategory (id_card, id_subcategory) VALUES ((SELECT id FROM card c WHERE c.id_expansion = '16' AND c.`number` = '4' LIMIT 1), 5);
INSERT INTO card_to_subcategory (id_card, id_subcategory) VALUES ((SELECT id FROM card c WHERE c.id_expansion = '16' AND c.`number` = '5' LIMIT 1), 5);
INSERT INTO card_to_subcategory (id_card, id_subcategory) VALUES ((SELECT id FROM card c WHERE c.id_expansion = '16' AND c.`number` = '6' LIMIT 1), 6);
INSERT INTO card_to_subcategory (id_card, id_subcategory) VALUES ((SELECT id FROM card c WHERE c.id_expansion = '16' AND c.`number` = '7' LIMIT 1), 5);
INSERT INTO card_to_subcategory (id_card, id_subcategory) VALUES ((SELECT id FROM card c WHERE c.id_expansion = '16' AND c.`number` = '8' LIMIT 1), 6);
INSERT INTO card_to_subcategory (id_card, id_subcategory) VALUES ((SELECT id FROM card c WHERE c.id_expansion = '16' AND c.`number` = '9' LIMIT 1), 5);
INSERT INTO card_to_subcategory (id_card, id_subcategory) VALUES ((SELECT id FROM card c WHERE c.id_expansion = '16' AND c.`number` = '10' LIMIT 1), 5);
INSERT INTO card_to_subcategory (id_card, id_subcategory) VALUES ((SELECT id FROM card c WHERE c.id_expansion = '16' AND c.`number` = '11' LIMIT 1), 5);
INSERT INTO card_to_subcategory (id_card, id_subcategory) VALUES ((SELECT id FROM card c WHERE c.id_expansion = '16' AND c.`number` = '12' LIMIT 1), 6);
INSERT INTO card_to_subcategory (id_card, id_subcategory) VALUES ((SELECT id FROM card c WHERE c.id_expansion = '16' AND c.`number` = '13' LIMIT 1), 5);
INSERT INTO card_to_subcategory (id_card, id_subcategory) VALUES ((SELECT id FROM card c WHERE c.id_expansion = '16' AND c.`number` = '14' LIMIT 1), 6);
INSERT INTO card_to_subcategory (id_card, id_subcategory) VALUES ((SELECT id FROM card c WHERE c.id_expansion = '16' AND c.`number` = '15' LIMIT 1), 5);
INSERT INTO card_to_subcategory (id_card, id_subcategory) VALUES ((SELECT id FROM card c WHERE c.id_expansion = '16' AND c.`number` = '16' LIMIT 1), 5);
INSERT INTO card_to_subcategory (id_card, id_subcategory) VALUES ((SELECT id FROM card c WHERE c.id_expansion = '16' AND c.`number` = '17' LIMIT 1), 6);
INSERT INTO card_to_subcategory (id_card, id_subcategory) VALUES ((SELECT id FROM card c WHERE c.id_expansion = '16' AND c.`number` = '18' LIMIT 1), 7);
INSERT INTO card_to_subcategory (id_card, id_subcategory) VALUES ((SELECT id FROM card c WHERE c.id_expansion = '16' AND c.`number` = '19' LIMIT 1), 5);
INSERT INTO card_to_subcategory (id_card, id_subcategory) VALUES ((SELECT id FROM card c WHERE c.id_expansion = '16' AND c.`number` = '20' LIMIT 1), 6);
INSERT INTO card_to_subcategory (id_card, id_subcategory) VALUES ((SELECT id FROM card c WHERE c.id_expansion = '16' AND c.`number` = '21' LIMIT 1), 5);
INSERT INTO card_to_subcategory (id_card, id_subcategory) VALUES ((SELECT id FROM card c WHERE c.id_expansion = '16' AND c.`number` = '22' LIMIT 1), 6);
INSERT INTO card_to_subcategory (id_card, id_subcategory) VALUES ((SELECT id FROM card c WHERE c.id_expansion = '16' AND c.`number` = '23' LIMIT 1), 7);
INSERT INTO card_to_subcategory (id_card, id_subcategory) VALUES ((SELECT id FROM card c WHERE c.id_expansion = '16' AND c.`number` = '23' LIMIT 1), 9);
INSERT INTO card_to_subcategory (id_card, id_subcategory) VALUES ((SELECT id FROM card c WHERE c.id_expansion = '16' AND c.`number` = '24' LIMIT 1), 5);
INSERT INTO card_to_subcategory (id_card, id_subcategory) VALUES ((SELECT id FROM card c WHERE c.id_expansion = '16' AND c.`number` = '25' LIMIT 1), 6);
INSERT INTO card_to_subcategory (id_card, id_subcategory) VALUES ((SELECT id FROM card c WHERE c.id_expansion = '16' AND c.`number` = '25' LIMIT 1), 9);
INSERT INTO card_to_subcategory (id_card, id_subcategory) VALUES ((SELECT id FROM card c WHERE c.id_expansion = '16' AND c.`number` = '26' LIMIT 1), 5);
INSERT INTO card_to_subcategory (id_card, id_subcategory) VALUES ((SELECT id FROM card c WHERE c.id_expansion = '16' AND c.`number` = '27' LIMIT 1), 5);
INSERT INTO card_to_subcategory (id_card, id_subcategory) VALUES ((SELECT id FROM card c WHERE c.id_expansion = '16' AND c.`number` = '28' LIMIT 1), 6);
INSERT INTO card_to_subcategory (id_card, id_subcategory) VALUES ((SELECT id FROM card c WHERE c.id_expansion = '16' AND c.`number` = '29' LIMIT 1), 5);
INSERT INTO card_to_subcategory (id_card, id_subcategory) VALUES ((SELECT id FROM card c WHERE c.id_expansion = '16' AND c.`number` = '30' LIMIT 1), 6);
INSERT INTO card_to_subcategory (id_card, id_subcategory) VALUES ((SELECT id FROM card c WHERE c.id_expansion = '16' AND c.`number` = '31' LIMIT 1), 5);
INSERT INTO card_to_subcategory (id_card, id_subcategory) VALUES ((SELECT id FROM card c WHERE c.id_expansion = '16' AND c.`number` = '31' LIMIT 1), 9);
INSERT INTO card_to_subcategory (id_card, id_subcategory) VALUES ((SELECT id FROM card c WHERE c.id_expansion = '16' AND c.`number` = '32' LIMIT 1), 5);
INSERT INTO card_to_subcategory (id_card, id_subcategory) VALUES ((SELECT id FROM card c WHERE c.id_expansion = '16' AND c.`number` = '33' LIMIT 1), 6);
INSERT INTO card_to_subcategory (id_card, id_subcategory) VALUES ((SELECT id FROM card c WHERE c.id_expansion = '16' AND c.`number` = '34' LIMIT 1), 7);
INSERT INTO card_to_subcategory (id_card, id_subcategory) VALUES ((SELECT id FROM card c WHERE c.id_expansion = '16' AND c.`number` = '35' LIMIT 1), 5);
INSERT INTO card_to_subcategory (id_card, id_subcategory) VALUES ((SELECT id FROM card c WHERE c.id_expansion = '16' AND c.`number` = '36' LIMIT 1), 6);
INSERT INTO card_to_subcategory (id_card, id_subcategory) VALUES ((SELECT id FROM card c WHERE c.id_expansion = '16' AND c.`number` = '37' LIMIT 1), 5);
INSERT INTO card_to_subcategory (id_card, id_subcategory) VALUES ((SELECT id FROM card c WHERE c.id_expansion = '16' AND c.`number` = '38' LIMIT 1), 6);
INSERT INTO card_to_subcategory (id_card, id_subcategory) VALUES ((SELECT id FROM card c WHERE c.id_expansion = '16' AND c.`number` = '39' LIMIT 1), 5);
INSERT INTO card_to_subcategory (id_card, id_subcategory) VALUES ((SELECT id FROM card c WHERE c.id_expansion = '16' AND c.`number` = '39' LIMIT 1), 9);
INSERT INTO card_to_subcategory (id_card, id_subcategory) VALUES ((SELECT id FROM card c WHERE c.id_expansion = '16' AND c.`number` = '40' LIMIT 1), 5);
INSERT INTO card_to_subcategory (id_card, id_subcategory) VALUES ((SELECT id FROM card c WHERE c.id_expansion = '16' AND c.`number` = '41' LIMIT 1), 6);
INSERT INTO card_to_subcategory (id_card, id_subcategory) VALUES ((SELECT id FROM card c WHERE c.id_expansion = '16' AND c.`number` = '42' LIMIT 1), 7);
INSERT INTO card_to_subcategory (id_card, id_subcategory) VALUES ((SELECT id FROM card c WHERE c.id_expansion = '16' AND c.`number` = '43' LIMIT 1), 5);
INSERT INTO card_to_subcategory (id_card, id_subcategory) VALUES ((SELECT id FROM card c WHERE c.id_expansion = '16' AND c.`number` = '44' LIMIT 1), 5);
INSERT INTO card_to_subcategory (id_card, id_subcategory) VALUES ((SELECT id FROM card c WHERE c.id_expansion = '16' AND c.`number` = '45' LIMIT 1), 5);
INSERT INTO card_to_subcategory (id_card, id_subcategory) VALUES ((SELECT id FROM card c WHERE c.id_expansion = '16' AND c.`number` = '46' LIMIT 1), 5);
INSERT INTO card_to_subcategory (id_card, id_subcategory) VALUES ((SELECT id FROM card c WHERE c.id_expansion = '16' AND c.`number` = '47' LIMIT 1), 6);
INSERT INTO card_to_subcategory (id_card, id_subcategory) VALUES ((SELECT id FROM card c WHERE c.id_expansion = '16' AND c.`number` = '48' LIMIT 1), 5);
INSERT INTO card_to_subcategory (id_card, id_subcategory) VALUES ((SELECT id FROM card c WHERE c.id_expansion = '16' AND c.`number` = '49' LIMIT 1), 6);
INSERT INTO card_to_subcategory (id_card, id_subcategory) VALUES ((SELECT id FROM card c WHERE c.id_expansion = '16' AND c.`number` = '50' LIMIT 1), 5);
INSERT INTO card_to_subcategory (id_card, id_subcategory) VALUES ((SELECT id FROM card c WHERE c.id_expansion = '16' AND c.`number` = '51' LIMIT 1), 5);
INSERT INTO card_to_subcategory (id_card, id_subcategory) VALUES ((SELECT id FROM card c WHERE c.id_expansion = '16' AND c.`number` = '52' LIMIT 1), 5);
INSERT INTO card_to_subcategory (id_card, id_subcategory) VALUES ((SELECT id FROM card c WHERE c.id_expansion = '16' AND c.`number` = '53' LIMIT 1), 6);
INSERT INTO card_to_subcategory (id_card, id_subcategory) VALUES ((SELECT id FROM card c WHERE c.id_expansion = '16' AND c.`number` = '54' LIMIT 1), 5);
INSERT INTO card_to_subcategory (id_card, id_subcategory) VALUES ((SELECT id FROM card c WHERE c.id_expansion = '16' AND c.`number` = '55' LIMIT 1), 6);
INSERT INTO card_to_subcategory (id_card, id_subcategory) VALUES ((SELECT id FROM card c WHERE c.id_expansion = '16' AND c.`number` = '56' LIMIT 1), 6);
INSERT INTO card_to_subcategory (id_card, id_subcategory) VALUES ((SELECT id FROM card c WHERE c.id_expansion = '16' AND c.`number` = '57' LIMIT 1), 5);
INSERT INTO card_to_subcategory (id_card, id_subcategory) VALUES ((SELECT id FROM card c WHERE c.id_expansion = '16' AND c.`number` = '58' LIMIT 1), 6);
INSERT INTO card_to_subcategory (id_card, id_subcategory) VALUES ((SELECT id FROM card c WHERE c.id_expansion = '16' AND c.`number` = '59' LIMIT 1), 5);
INSERT INTO card_to_subcategory (id_card, id_subcategory) VALUES ((SELECT id FROM card c WHERE c.id_expansion = '16' AND c.`number` = '60' LIMIT 1), 6);
INSERT INTO card_to_subcategory (id_card, id_subcategory) VALUES ((SELECT id FROM card c WHERE c.id_expansion = '16' AND c.`number` = '61' LIMIT 1), 5);
INSERT INTO card_to_subcategory (id_card, id_subcategory) VALUES ((SELECT id FROM card c WHERE c.id_expansion = '16' AND c.`number` = '62' LIMIT 1), 5);
INSERT INTO card_to_subcategory (id_card, id_subcategory) VALUES ((SELECT id FROM card c WHERE c.id_expansion = '16' AND c.`number` = '63' LIMIT 1), 6);
INSERT INTO card_to_subcategory (id_card, id_subcategory) VALUES ((SELECT id FROM card c WHERE c.id_expansion = '16' AND c.`number` = '64' LIMIT 1), 5);
INSERT INTO card_to_subcategory (id_card, id_subcategory) VALUES ((SELECT id FROM card c WHERE c.id_expansion = '16' AND c.`number` = '65' LIMIT 1), 6);
INSERT INTO card_to_subcategory (id_card, id_subcategory) VALUES ((SELECT id FROM card c WHERE c.id_expansion = '16' AND c.`number` = '65' LIMIT 1), 9);
INSERT INTO card_to_subcategory (id_card, id_subcategory) VALUES ((SELECT id FROM card c WHERE c.id_expansion = '16' AND c.`number` = '66' LIMIT 1), 5);
INSERT INTO card_to_subcategory (id_card, id_subcategory) VALUES ((SELECT id FROM card c WHERE c.id_expansion = '16' AND c.`number` = '66' LIMIT 1), 9);
INSERT INTO card_to_subcategory (id_card, id_subcategory) VALUES ((SELECT id FROM card c WHERE c.id_expansion = '16' AND c.`number` = '67' LIMIT 1), 5);
INSERT INTO card_to_subcategory (id_card, id_subcategory) VALUES ((SELECT id FROM card c WHERE c.id_expansion = '16' AND c.`number` = '68' LIMIT 1), 5);
INSERT INTO card_to_subcategory (id_card, id_subcategory) VALUES ((SELECT id FROM card c WHERE c.id_expansion = '16' AND c.`number` = '69' LIMIT 1), 6);
INSERT INTO card_to_subcategory (id_card, id_subcategory) VALUES ((SELECT id FROM card c WHERE c.id_expansion = '16' AND c.`number` = '69' LIMIT 1), 9);
INSERT INTO card_to_subcategory (id_card, id_subcategory) VALUES ((SELECT id FROM card c WHERE c.id_expansion = '16' AND c.`number` = '70' LIMIT 1), 5);
INSERT INTO card_to_subcategory (id_card, id_subcategory) VALUES ((SELECT id FROM card c WHERE c.id_expansion = '16' AND c.`number` = '71' LIMIT 1), 5);
INSERT INTO card_to_subcategory (id_card, id_subcategory) VALUES ((SELECT id FROM card c WHERE c.id_expansion = '16' AND c.`number` = '72' LIMIT 1), 5);
INSERT INTO card_to_subcategory (id_card, id_subcategory) VALUES ((SELECT id FROM card c WHERE c.id_expansion = '16' AND c.`number` = '73' LIMIT 1), 6);
INSERT INTO card_to_subcategory (id_card, id_subcategory) VALUES ((SELECT id FROM card c WHERE c.id_expansion = '16' AND c.`number` = '74' LIMIT 1), 7);
INSERT INTO card_to_subcategory (id_card, id_subcategory) VALUES ((SELECT id FROM card c WHERE c.id_expansion = '16' AND c.`number` = '75' LIMIT 1), 5);
INSERT INTO card_to_subcategory (id_card, id_subcategory) VALUES ((SELECT id FROM card c WHERE c.id_expansion = '16' AND c.`number` = '76' LIMIT 1), 6);
INSERT INTO card_to_subcategory (id_card, id_subcategory) VALUES ((SELECT id FROM card c WHERE c.id_expansion = '16' AND c.`number` = '77' LIMIT 1), 5);
INSERT INTO card_to_subcategory (id_card, id_subcategory) VALUES ((SELECT id FROM card c WHERE c.id_expansion = '16' AND c.`number` = '78' LIMIT 1), 5);
INSERT INTO card_to_subcategory (id_card, id_subcategory) VALUES ((SELECT id FROM card c WHERE c.id_expansion = '16' AND c.`number` = '79' LIMIT 1), 5);
INSERT INTO card_to_subcategory (id_card, id_subcategory) VALUES ((SELECT id FROM card c WHERE c.id_expansion = '16' AND c.`number` = '80' LIMIT 1), 6);
INSERT INTO card_to_subcategory (id_card, id_subcategory) VALUES ((SELECT id FROM card c WHERE c.id_expansion = '16' AND c.`number` = '81' LIMIT 1), 5);
INSERT INTO card_to_subcategory (id_card, id_subcategory) VALUES ((SELECT id FROM card c WHERE c.id_expansion = '16' AND c.`number` = '81' LIMIT 1), 9);
INSERT INTO card_to_subcategory (id_card, id_subcategory) VALUES ((SELECT id FROM card c WHERE c.id_expansion = '16' AND c.`number` = '82' LIMIT 1), 5);
INSERT INTO card_to_subcategory (id_card, id_subcategory) VALUES ((SELECT id FROM card c WHERE c.id_expansion = '16' AND c.`number` = '83' LIMIT 1), 5);
INSERT INTO card_to_subcategory (id_card, id_subcategory) VALUES ((SELECT id FROM card c WHERE c.id_expansion = '16' AND c.`number` = '84' LIMIT 1), 6);
INSERT INTO card_to_subcategory (id_card, id_subcategory) VALUES ((SELECT id FROM card c WHERE c.id_expansion = '16' AND c.`number` = '85' LIMIT 1), 5);
INSERT INTO card_to_subcategory (id_card, id_subcategory) VALUES ((SELECT id FROM card c WHERE c.id_expansion = '16' AND c.`number` = '86' LIMIT 1), 5);
INSERT INTO card_to_subcategory (id_card, id_subcategory) VALUES ((SELECT id FROM card c WHERE c.id_expansion = '16' AND c.`number` = '87' LIMIT 1), 5);
INSERT INTO card_to_subcategory (id_card, id_subcategory) VALUES ((SELECT id FROM card c WHERE c.id_expansion = '16' AND c.`number` = '88' LIMIT 1), 6);
INSERT INTO card_to_subcategory (id_card, id_subcategory) VALUES ((SELECT id FROM card c WHERE c.id_expansion = '16' AND c.`number` = '89' LIMIT 1), 7);
INSERT INTO card_to_subcategory (id_card, id_subcategory) VALUES ((SELECT id FROM card c WHERE c.id_expansion = '16' AND c.`number` = '90' LIMIT 1), 5);
INSERT INTO card_to_subcategory (id_card, id_subcategory) VALUES ((SELECT id FROM card c WHERE c.id_expansion = '16' AND c.`number` = '91' LIMIT 1), 6);
INSERT INTO card_to_subcategory (id_card, id_subcategory) VALUES ((SELECT id FROM card c WHERE c.id_expansion = '16' AND c.`number` = '92' LIMIT 1), 7);
INSERT INTO card_to_subcategory (id_card, id_subcategory) VALUES ((SELECT id FROM card c WHERE c.id_expansion = '16' AND c.`number` = '93' LIMIT 1), 5);
INSERT INTO card_to_subcategory (id_card, id_subcategory) VALUES ((SELECT id FROM card c WHERE c.id_expansion = '16' AND c.`number` = '94' LIMIT 1), 5);
INSERT INTO card_to_subcategory (id_card, id_subcategory) VALUES ((SELECT id FROM card c WHERE c.id_expansion = '16' AND c.`number` = '95' LIMIT 1), 6);
INSERT INTO card_to_subcategory (id_card, id_subcategory) VALUES ((SELECT id FROM card c WHERE c.id_expansion = '16' AND c.`number` = '96' LIMIT 1), 7);
INSERT INTO card_to_subcategory (id_card, id_subcategory) VALUES ((SELECT id FROM card c WHERE c.id_expansion = '16' AND c.`number` = '97' LIMIT 1), 5);
INSERT INTO card_to_subcategory (id_card, id_subcategory) VALUES ((SELECT id FROM card c WHERE c.id_expansion = '16' AND c.`number` = '98' LIMIT 1), 6);
INSERT INTO card_to_subcategory (id_card, id_subcategory) VALUES ((SELECT id FROM card c WHERE c.id_expansion = '16' AND c.`number` = '99' LIMIT 1), 5);
INSERT INTO card_to_subcategory (id_card, id_subcategory) VALUES ((SELECT id FROM card c WHERE c.id_expansion = '16' AND c.`number` = '100' LIMIT 1), 6);
INSERT INTO card_to_subcategory (id_card, id_subcategory) VALUES ((SELECT id FROM card c WHERE c.id_expansion = '16' AND c.`number` = '101' LIMIT 1), 5);
INSERT INTO card_to_subcategory (id_card, id_subcategory) VALUES ((SELECT id FROM card c WHERE c.id_expansion = '16' AND c.`number` = '101' LIMIT 1), 9);
INSERT INTO card_to_subcategory (id_card, id_subcategory) VALUES ((SELECT id FROM card c WHERE c.id_expansion = '16' AND c.`number` = '102' LIMIT 1), 5);
INSERT INTO card_to_subcategory (id_card, id_subcategory) VALUES ((SELECT id FROM card c WHERE c.id_expansion = '16' AND c.`number` = '103' LIMIT 1), 6);
INSERT INTO card_to_subcategory (id_card, id_subcategory) VALUES ((SELECT id FROM card c WHERE c.id_expansion = '16' AND c.`number` = '104' LIMIT 1), 7);
INSERT INTO card_to_subcategory (id_card, id_subcategory) VALUES ((SELECT id FROM card c WHERE c.id_expansion = '16' AND c.`number` = '104' LIMIT 1), 9);
INSERT INTO card_to_subcategory (id_card, id_subcategory) VALUES ((SELECT id FROM card c WHERE c.id_expansion = '16' AND c.`number` = '105' LIMIT 1), 5);
INSERT INTO card_to_subcategory (id_card, id_subcategory) VALUES ((SELECT id FROM card c WHERE c.id_expansion = '16' AND c.`number` = '106' LIMIT 1), 6);
INSERT INTO card_to_subcategory (id_card, id_subcategory) VALUES ((SELECT id FROM card c WHERE c.id_expansion = '16' AND c.`number` = '107' LIMIT 1), 5);
INSERT INTO card_to_subcategory (id_card, id_subcategory) VALUES ((SELECT id FROM card c WHERE c.id_expansion = '16' AND c.`number` = '108' LIMIT 1), 6);
INSERT INTO card_to_subcategory (id_card, id_subcategory) VALUES ((SELECT id FROM card c WHERE c.id_expansion = '16' AND c.`number` = '109' LIMIT 1), 5);
INSERT INTO card_to_subcategory (id_card, id_subcategory) VALUES ((SELECT id FROM card c WHERE c.id_expansion = '16' AND c.`number` = '110' LIMIT 1), 6);
INSERT INTO card_to_subcategory (id_card, id_subcategory) VALUES ((SELECT id FROM card c WHERE c.id_expansion = '16' AND c.`number` = '111' LIMIT 1), 5);
INSERT INTO card_to_subcategory (id_card, id_subcategory) VALUES ((SELECT id FROM card c WHERE c.id_expansion = '16' AND c.`number` = '112' LIMIT 1), 5);
INSERT INTO card_to_subcategory (id_card, id_subcategory) VALUES ((SELECT id FROM card c WHERE c.id_expansion = '16' AND c.`number` = '113' LIMIT 1), 6);
INSERT INTO card_to_subcategory (id_card, id_subcategory) VALUES ((SELECT id FROM card c WHERE c.id_expansion = '16' AND c.`number` = '114' LIMIT 1), 5);
INSERT INTO card_to_subcategory (id_card, id_subcategory) VALUES ((SELECT id FROM card c WHERE c.id_expansion = '16' AND c.`number` = '115' LIMIT 1), 6);
INSERT INTO card_to_subcategory (id_card, id_subcategory) VALUES ((SELECT id FROM card c WHERE c.id_expansion = '16' AND c.`number` = '116' LIMIT 1), 7);
INSERT INTO card_to_subcategory (id_card, id_subcategory) VALUES ((SELECT id FROM card c WHERE c.id_expansion = '16' AND c.`number` = '117' LIMIT 1), 5);
INSERT INTO card_to_subcategory (id_card, id_subcategory) VALUES ((SELECT id FROM card c WHERE c.id_expansion = '16' AND c.`number` = '118' LIMIT 1), 6);
INSERT INTO card_to_subcategory (id_card, id_subcategory) VALUES ((SELECT id FROM card c WHERE c.id_expansion = '16' AND c.`number` = '119' LIMIT 1), 7);
INSERT INTO card_to_subcategory (id_card, id_subcategory) VALUES ((SELECT id FROM card c WHERE c.id_expansion = '16' AND c.`number` = '119' LIMIT 1), 9);
INSERT INTO card_to_subcategory (id_card, id_subcategory) VALUES ((SELECT id FROM card c WHERE c.id_expansion = '16' AND c.`number` = '120' LIMIT 1), 5);
INSERT INTO card_to_subcategory (id_card, id_subcategory) VALUES ((SELECT id FROM card c WHERE c.id_expansion = '16' AND c.`number` = '121' LIMIT 1), 6);
INSERT INTO card_to_subcategory (id_card, id_subcategory) VALUES ((SELECT id FROM card c WHERE c.id_expansion = '16' AND c.`number` = '122' LIMIT 1), 7);
INSERT INTO card_to_subcategory (id_card, id_subcategory) VALUES ((SELECT id FROM card c WHERE c.id_expansion = '16' AND c.`number` = '122' LIMIT 1), 9);
INSERT INTO card_to_subcategory (id_card, id_subcategory) VALUES ((SELECT id FROM card c WHERE c.id_expansion = '16' AND c.`number` = '123' LIMIT 1), 5);
INSERT INTO card_to_subcategory (id_card, id_subcategory) VALUES ((SELECT id FROM card c WHERE c.id_expansion = '16' AND c.`number` = '124' LIMIT 1), 6);
INSERT INTO card_to_subcategory (id_card, id_subcategory) VALUES ((SELECT id FROM card c WHERE c.id_expansion = '16' AND c.`number` = '125' LIMIT 1), 5);
INSERT INTO card_to_subcategory (id_card, id_subcategory) VALUES ((SELECT id FROM card c WHERE c.id_expansion = '16' AND c.`number` = '126' LIMIT 1), 6);
INSERT INTO card_to_subcategory (id_card, id_subcategory) VALUES ((SELECT id FROM card c WHERE c.id_expansion = '16' AND c.`number` = '127' LIMIT 1), 5);
INSERT INTO card_to_subcategory (id_card, id_subcategory) VALUES ((SELECT id FROM card c WHERE c.id_expansion = '16' AND c.`number` = '128' LIMIT 1), 5);
INSERT INTO card_to_subcategory (id_card, id_subcategory) VALUES ((SELECT id FROM card c WHERE c.id_expansion = '16' AND c.`number` = '129' LIMIT 1), 5);
INSERT INTO card_to_subcategory (id_card, id_subcategory) VALUES ((SELECT id FROM card c WHERE c.id_expansion = '16' AND c.`number` = '130' LIMIT 1), 5);
INSERT INTO card_to_subcategory (id_card, id_subcategory) VALUES ((SELECT id FROM card c WHERE c.id_expansion = '16' AND c.`number` = '131' LIMIT 1), 6);
INSERT INTO card_to_subcategory (id_card, id_subcategory) VALUES ((SELECT id FROM card c WHERE c.id_expansion = '16' AND c.`number` = '132' LIMIT 1), 5);
INSERT INTO card_to_subcategory (id_card, id_subcategory) VALUES ((SELECT id FROM card c WHERE c.id_expansion = '16' AND c.`number` = '133' LIMIT 1), 6);
INSERT INTO card_to_subcategory (id_card, id_subcategory) VALUES ((SELECT id FROM card c WHERE c.id_expansion = '16' AND c.`number` = '134' LIMIT 1), 5);
INSERT INTO card_to_subcategory (id_card, id_subcategory) VALUES ((SELECT id FROM card c WHERE c.id_expansion = '16' AND c.`number` = '135' LIMIT 1), 6);
INSERT INTO card_to_subcategory (id_card, id_subcategory) VALUES ((SELECT id FROM card c WHERE c.id_expansion = '16' AND c.`number` = '136' LIMIT 1), 7);
INSERT INTO card_to_subcategory (id_card, id_subcategory) VALUES ((SELECT id FROM card c WHERE c.id_expansion = '16' AND c.`number` = '136' LIMIT 1), 9);
INSERT INTO card_to_subcategory (id_card, id_subcategory) VALUES ((SELECT id FROM card c WHERE c.id_expansion = '16' AND c.`number` = '137' LIMIT 1), 5);
INSERT INTO card_to_subcategory (id_card, id_subcategory) VALUES ((SELECT id FROM card c WHERE c.id_expansion = '16' AND c.`number` = '138' LIMIT 1), 5);
INSERT INTO card_to_subcategory (id_card, id_subcategory) VALUES ((SELECT id FROM card c WHERE c.id_expansion = '16' AND c.`number` = '139' LIMIT 1), 6);
INSERT INTO card_to_subcategory (id_card, id_subcategory) VALUES ((SELECT id FROM card c WHERE c.id_expansion = '16' AND c.`number` = '139' LIMIT 1), 9);
INSERT INTO card_to_subcategory (id_card, id_subcategory) VALUES ((SELECT id FROM card c WHERE c.id_expansion = '16' AND c.`number` = '140' LIMIT 1), 6);
INSERT INTO card_to_subcategory (id_card, id_subcategory) VALUES ((SELECT id FROM card c WHERE c.id_expansion = '16' AND c.`number` = '141' LIMIT 1), 5);
INSERT INTO card_to_subcategory (id_card, id_subcategory) VALUES ((SELECT id FROM card c WHERE c.id_expansion = '16' AND c.`number` = '142' LIMIT 1), 5);
INSERT INTO card_to_subcategory (id_card, id_subcategory) VALUES ((SELECT id FROM card c WHERE c.id_expansion = '16' AND c.`number` = '143' LIMIT 1), 5);
INSERT INTO card_to_subcategory (id_card, id_subcategory) VALUES ((SELECT id FROM card c WHERE c.id_expansion = '16' AND c.`number` = '144' LIMIT 1), 6);
INSERT INTO card_to_subcategory (id_card, id_subcategory) VALUES ((SELECT id FROM card c WHERE c.id_expansion = '16' AND c.`number` = '145' LIMIT 1), 7);
INSERT INTO card_to_subcategory (id_card, id_subcategory) VALUES ((SELECT id FROM card c WHERE c.id_expansion = '16' AND c.`number` = '145' LIMIT 1), 9);
INSERT INTO card_to_subcategory (id_card, id_subcategory) VALUES ((SELECT id FROM card c WHERE c.id_expansion = '16' AND c.`number` = '146' LIMIT 1), 5);
INSERT INTO card_to_subcategory (id_card, id_subcategory) VALUES ((SELECT id FROM card c WHERE c.id_expansion = '16' AND c.`number` = '147' LIMIT 1), 5);
INSERT INTO card_to_subcategory (id_card, id_subcategory) VALUES ((SELECT id FROM card c WHERE c.id_expansion = '16' AND c.`number` = '148' LIMIT 1), 6);
INSERT INTO card_to_subcategory (id_card, id_subcategory) VALUES ((SELECT id FROM card c WHERE c.id_expansion = '16' AND c.`number` = '149' LIMIT 1), 5);
INSERT INTO card_to_subcategory (id_card, id_subcategory) VALUES ((SELECT id FROM card c WHERE c.id_expansion = '16' AND c.`number` = '150' LIMIT 1), 6);
INSERT INTO card_to_subcategory (id_card, id_subcategory) VALUES ((SELECT id FROM card c WHERE c.id_expansion = '16' AND c.`number` = '150' LIMIT 1), 9);
INSERT INTO card_to_subcategory (id_card, id_subcategory) VALUES ((SELECT id FROM card c WHERE c.id_expansion = '16' AND c.`number` = '151' LIMIT 1), 5);
INSERT INTO card_to_subcategory (id_card, id_subcategory) VALUES ((SELECT id FROM card c WHERE c.id_expansion = '16' AND c.`number` = '152' LIMIT 1), 5);
INSERT INTO card_to_subcategory (id_card, id_subcategory) VALUES ((SELECT id FROM card c WHERE c.id_expansion = '16' AND c.`number` = '153' LIMIT 1), 5);
INSERT INTO card_to_subcategory (id_card, id_subcategory) VALUES ((SELECT id FROM card c WHERE c.id_expansion = '16' AND c.`number` = '154' LIMIT 1), 6);
INSERT INTO card_to_subcategory (id_card, id_subcategory) VALUES ((SELECT id FROM card c WHERE c.id_expansion = '16' AND c.`number` = '155' LIMIT 1), 7);
INSERT INTO card_to_subcategory (id_card, id_subcategory) VALUES ((SELECT id FROM card c WHERE c.id_expansion = '16' AND c.`number` = '156' LIMIT 1), 5);
INSERT INTO card_to_subcategory (id_card, id_subcategory) VALUES ((SELECT id FROM card c WHERE c.id_expansion = '16' AND c.`number` = '157' LIMIT 1), 6);
INSERT INTO card_to_subcategory (id_card, id_subcategory) VALUES ((SELECT id FROM card c WHERE c.id_expansion = '16' AND c.`number` = '158' LIMIT 1), 5);
INSERT INTO card_to_subcategory (id_card, id_subcategory) VALUES ((SELECT id FROM card c WHERE c.id_expansion = '16' AND c.`number` = '159' LIMIT 1), 6);
INSERT INTO card_to_subcategory (id_card, id_subcategory) VALUES ((SELECT id FROM card c WHERE c.id_expansion = '16' AND c.`number` = '160' LIMIT 1), 5);
INSERT INTO card_to_subcategory (id_card, id_subcategory) VALUES ((SELECT id FROM card c WHERE c.id_expansion = '16' AND c.`number` = '161' LIMIT 1), 3);
INSERT INTO card_to_subcategory (id_card, id_subcategory) VALUES ((SELECT id FROM card c WHERE c.id_expansion = '16' AND c.`number` = '162' LIMIT 1), 4);
INSERT INTO card_to_subcategory (id_card, id_subcategory) VALUES ((SELECT id FROM card c WHERE c.id_expansion = '16' AND c.`number` = '163' LIMIT 1), 1);
INSERT INTO card_to_subcategory (id_card, id_subcategory) VALUES ((SELECT id FROM card c WHERE c.id_expansion = '16' AND c.`number` = '164' LIMIT 1), 3);
INSERT INTO card_to_subcategory (id_card, id_subcategory) VALUES ((SELECT id FROM card c WHERE c.id_expansion = '16' AND c.`number` = '165' LIMIT 1), 1);
INSERT INTO card_to_subcategory (id_card, id_subcategory) VALUES ((SELECT id FROM card c WHERE c.id_expansion = '16' AND c.`number` = '166' LIMIT 1), 2);
INSERT INTO card_to_subcategory (id_card, id_subcategory) VALUES ((SELECT id FROM card c WHERE c.id_expansion = '16' AND c.`number` = '167' LIMIT 1), 1);
INSERT INTO card_to_subcategory (id_card, id_subcategory) VALUES ((SELECT id FROM card c WHERE c.id_expansion = '16' AND c.`number` = '168' LIMIT 1), 3);
INSERT INTO card_to_subcategory (id_card, id_subcategory) VALUES ((SELECT id FROM card c WHERE c.id_expansion = '16' AND c.`number` = '169' LIMIT 1), 2);
INSERT INTO card_to_subcategory (id_card, id_subcategory) VALUES ((SELECT id FROM card c WHERE c.id_expansion = '16' AND c.`number` = '170' LIMIT 1), 1);
INSERT INTO card_to_subcategory (id_card, id_subcategory) VALUES ((SELECT id FROM card c WHERE c.id_expansion = '16' AND c.`number` = '171' LIMIT 1), 1);
INSERT INTO card_to_subcategory (id_card, id_subcategory) VALUES ((SELECT id FROM card c WHERE c.id_expansion = '16' AND c.`number` = '172' LIMIT 1), 3);
INSERT INTO card_to_subcategory (id_card, id_subcategory) VALUES ((SELECT id FROM card c WHERE c.id_expansion = '16' AND c.`number` = '173' LIMIT 1), 2);
INSERT INTO card_to_subcategory (id_card, id_subcategory) VALUES ((SELECT id FROM card c WHERE c.id_expansion = '16' AND c.`number` = '174' LIMIT 1), 1);
INSERT INTO card_to_subcategory (id_card, id_subcategory) VALUES ((SELECT id FROM card c WHERE c.id_expansion = '16' AND c.`number` = '175' LIMIT 1), 3);
INSERT INTO card_to_subcategory (id_card, id_subcategory) VALUES ((SELECT id FROM card c WHERE c.id_expansion = '16' AND c.`number` = '176' LIMIT 1), 1);
INSERT INTO card_to_subcategory (id_card, id_subcategory) VALUES ((SELECT id FROM card c WHERE c.id_expansion = '16' AND c.`number` = '177' LIMIT 1), 1);
INSERT INTO card_to_subcategory (id_card, id_subcategory) VALUES ((SELECT id FROM card c WHERE c.id_expansion = '16' AND c.`number` = '178' LIMIT 1), 3);
INSERT INTO card_to_subcategory (id_card, id_subcategory) VALUES ((SELECT id FROM card c WHERE c.id_expansion = '16' AND c.`number` = '179' LIMIT 1), 3);
INSERT INTO card_to_subcategory (id_card, id_subcategory) VALUES ((SELECT id FROM card c WHERE c.id_expansion = '16' AND c.`number` = '180' LIMIT 1), 2);
INSERT INTO card_to_subcategory (id_card, id_subcategory) VALUES ((SELECT id FROM card c WHERE c.id_expansion = '16' AND c.`number` = '181' LIMIT 1), 8);
INSERT INTO card_to_subcategory (id_card, id_subcategory) VALUES ((SELECT id FROM card c WHERE c.id_expansion = '16' AND c.`number` = '181' LIMIT 1), 3);
INSERT INTO card_to_subcategory (id_card, id_subcategory) VALUES ((SELECT id FROM card c WHERE c.id_expansion = '16' AND c.`number` = '183' LIMIT 1), 5);
INSERT INTO card_to_subcategory (id_card, id_subcategory) VALUES ((SELECT id FROM card c WHERE c.id_expansion = '16' AND c.`number` = '184' LIMIT 1), 6);
INSERT INTO card_to_subcategory (id_card, id_subcategory) VALUES ((SELECT id FROM card c WHERE c.id_expansion = '16' AND c.`number` = '185' LIMIT 1), 5);
INSERT INTO card_to_subcategory (id_card, id_subcategory) VALUES ((SELECT id FROM card c WHERE c.id_expansion = '16' AND c.`number` = '186' LIMIT 1), 6);
INSERT INTO card_to_subcategory (id_card, id_subcategory) VALUES ((SELECT id FROM card c WHERE c.id_expansion = '16' AND c.`number` = '187' LIMIT 1), 6);
INSERT INTO card_to_subcategory (id_card, id_subcategory) VALUES ((SELECT id FROM card c WHERE c.id_expansion = '16' AND c.`number` = '188' LIMIT 1), 7);
INSERT INTO card_to_subcategory (id_card, id_subcategory) VALUES ((SELECT id FROM card c WHERE c.id_expansion = '16' AND c.`number` = '189' LIMIT 1), 6);
INSERT INTO card_to_subcategory (id_card, id_subcategory) VALUES ((SELECT id FROM card c WHERE c.id_expansion = '16' AND c.`number` = '190' LIMIT 1), 7);
INSERT INTO card_to_subcategory (id_card, id_subcategory) VALUES ((SELECT id FROM card c WHERE c.id_expansion = '16' AND c.`number` = '191' LIMIT 1), 6);
INSERT INTO card_to_subcategory (id_card, id_subcategory) VALUES ((SELECT id FROM card c WHERE c.id_expansion = '16' AND c.`number` = '192' LIMIT 1), 7);
INSERT INTO card_to_subcategory (id_card, id_subcategory) VALUES ((SELECT id FROM card c WHERE c.id_expansion = '16' AND c.`number` = '193' LIMIT 1), 5);
INSERT INTO card_to_subcategory (id_card, id_subcategory) VALUES ((SELECT id FROM card c WHERE c.id_expansion = '16' AND c.`number` = '194' LIMIT 1), 5);
INSERT INTO card_to_subcategory (id_card, id_subcategory) VALUES ((SELECT id FROM card c WHERE c.id_expansion = '16' AND c.`number` = '195' LIMIT 1), 5);
INSERT INTO card_to_subcategory (id_card, id_subcategory) VALUES ((SELECT id FROM card c WHERE c.id_expansion = '16' AND c.`number` = '196' LIMIT 1), 5);
INSERT INTO card_to_subcategory (id_card, id_subcategory) VALUES ((SELECT id FROM card c WHERE c.id_expansion = '16' AND c.`number` = '197' LIMIT 1), 5);
INSERT INTO card_to_subcategory (id_card, id_subcategory) VALUES ((SELECT id FROM card c WHERE c.id_expansion = '16' AND c.`number` = '198' LIMIT 1), 7);
INSERT INTO card_to_subcategory (id_card, id_subcategory) VALUES ((SELECT id FROM card c WHERE c.id_expansion = '16' AND c.`number` = '199' LIMIT 1), 6);
INSERT INTO card_to_subcategory (id_card, id_subcategory) VALUES ((SELECT id FROM card c WHERE c.id_expansion = '16' AND c.`number` = '200' LIMIT 1), 5);
INSERT INTO card_to_subcategory (id_card, id_subcategory) VALUES ((SELECT id FROM card c WHERE c.id_expansion = '16' AND c.`number` = '201' LIMIT 1), 5);
INSERT INTO card_to_subcategory (id_card, id_subcategory) VALUES ((SELECT id FROM card c WHERE c.id_expansion = '16' AND c.`number` = '202' LIMIT 1), 6);
INSERT INTO card_to_subcategory (id_card, id_subcategory) VALUES ((SELECT id FROM card c WHERE c.id_expansion = '16' AND c.`number` = '203' LIMIT 1), 5);
INSERT INTO card_to_subcategory (id_card, id_subcategory) VALUES ((SELECT id FROM card c WHERE c.id_expansion = '16' AND c.`number` = '204' LIMIT 1), 5);
INSERT INTO card_to_subcategory (id_card, id_subcategory) VALUES ((SELECT id FROM card c WHERE c.id_expansion = '16' AND c.`number` = '205' LIMIT 1), 6);
INSERT INTO card_to_subcategory (id_card, id_subcategory) VALUES ((SELECT id FROM card c WHERE c.id_expansion = '16' AND c.`number` = '206' LIMIT 1), 6);
INSERT INTO card_to_subcategory (id_card, id_subcategory) VALUES ((SELECT id FROM card c WHERE c.id_expansion = '16' AND c.`number` = '206' LIMIT 1), 9);
INSERT INTO card_to_subcategory (id_card, id_subcategory) VALUES ((SELECT id FROM card c WHERE c.id_expansion = '16' AND c.`number` = '207' LIMIT 1), 7);
INSERT INTO card_to_subcategory (id_card, id_subcategory) VALUES ((SELECT id FROM card c WHERE c.id_expansion = '16' AND c.`number` = '207' LIMIT 1), 9);
INSERT INTO card_to_subcategory (id_card, id_subcategory) VALUES ((SELECT id FROM card c WHERE c.id_expansion = '16' AND c.`number` = '208' LIMIT 1), 5);
INSERT INTO card_to_subcategory (id_card, id_subcategory) VALUES ((SELECT id FROM card c WHERE c.id_expansion = '16' AND c.`number` = '208' LIMIT 1), 9);
INSERT INTO card_to_subcategory (id_card, id_subcategory) VALUES ((SELECT id FROM card c WHERE c.id_expansion = '16' AND c.`number` = '209' LIMIT 1), 5);
INSERT INTO card_to_subcategory (id_card, id_subcategory) VALUES ((SELECT id FROM card c WHERE c.id_expansion = '16' AND c.`number` = '209' LIMIT 1), 9);
INSERT INTO card_to_subcategory (id_card, id_subcategory) VALUES ((SELECT id FROM card c WHERE c.id_expansion = '16' AND c.`number` = '210' LIMIT 1), 6);
INSERT INTO card_to_subcategory (id_card, id_subcategory) VALUES ((SELECT id FROM card c WHERE c.id_expansion = '16' AND c.`number` = '210' LIMIT 1), 9);
INSERT INTO card_to_subcategory (id_card, id_subcategory) VALUES ((SELECT id FROM card c WHERE c.id_expansion = '16' AND c.`number` = '211' LIMIT 1), 5);
INSERT INTO card_to_subcategory (id_card, id_subcategory) VALUES ((SELECT id FROM card c WHERE c.id_expansion = '16' AND c.`number` = '211' LIMIT 1), 9);
INSERT INTO card_to_subcategory (id_card, id_subcategory) VALUES ((SELECT id FROM card c WHERE c.id_expansion = '16' AND c.`number` = '212' LIMIT 1), 6);
INSERT INTO card_to_subcategory (id_card, id_subcategory) VALUES ((SELECT id FROM card c WHERE c.id_expansion = '16' AND c.`number` = '212' LIMIT 1), 9);
INSERT INTO card_to_subcategory (id_card, id_subcategory) VALUES ((SELECT id FROM card c WHERE c.id_expansion = '16' AND c.`number` = '213' LIMIT 1), 5);
INSERT INTO card_to_subcategory (id_card, id_subcategory) VALUES ((SELECT id FROM card c WHERE c.id_expansion = '16' AND c.`number` = '213' LIMIT 1), 9);
INSERT INTO card_to_subcategory (id_card, id_subcategory) VALUES ((SELECT id FROM card c WHERE c.id_expansion = '16' AND c.`number` = '214' LIMIT 1), 5);
INSERT INTO card_to_subcategory (id_card, id_subcategory) VALUES ((SELECT id FROM card c WHERE c.id_expansion = '16' AND c.`number` = '214' LIMIT 1), 9);
INSERT INTO card_to_subcategory (id_card, id_subcategory) VALUES ((SELECT id FROM card c WHERE c.id_expansion = '16' AND c.`number` = '215' LIMIT 1), 7);
INSERT INTO card_to_subcategory (id_card, id_subcategory) VALUES ((SELECT id FROM card c WHERE c.id_expansion = '16' AND c.`number` = '215' LIMIT 1), 9);
INSERT INTO card_to_subcategory (id_card, id_subcategory) VALUES ((SELECT id FROM card c WHERE c.id_expansion = '16' AND c.`number` = '216' LIMIT 1), 7);
INSERT INTO card_to_subcategory (id_card, id_subcategory) VALUES ((SELECT id FROM card c WHERE c.id_expansion = '16' AND c.`number` = '216' LIMIT 1), 9);
INSERT INTO card_to_subcategory (id_card, id_subcategory) VALUES ((SELECT id FROM card c WHERE c.id_expansion = '16' AND c.`number` = '217' LIMIT 1), 7);
INSERT INTO card_to_subcategory (id_card, id_subcategory) VALUES ((SELECT id FROM card c WHERE c.id_expansion = '16' AND c.`number` = '217' LIMIT 1), 9);
INSERT INTO card_to_subcategory (id_card, id_subcategory) VALUES ((SELECT id FROM card c WHERE c.id_expansion = '16' AND c.`number` = '218' LIMIT 1), 6);
INSERT INTO card_to_subcategory (id_card, id_subcategory) VALUES ((SELECT id FROM card c WHERE c.id_expansion = '16' AND c.`number` = '218' LIMIT 1), 9);
INSERT INTO card_to_subcategory (id_card, id_subcategory) VALUES ((SELECT id FROM card c WHERE c.id_expansion = '16' AND c.`number` = '219' LIMIT 1), 6);
INSERT INTO card_to_subcategory (id_card, id_subcategory) VALUES ((SELECT id FROM card c WHERE c.id_expansion = '16' AND c.`number` = '219' LIMIT 1), 9);
INSERT INTO card_to_subcategory (id_card, id_subcategory) VALUES ((SELECT id FROM card c WHERE c.id_expansion = '16' AND c.`number` = '220' LIMIT 1), 1);
INSERT INTO card_to_subcategory (id_card, id_subcategory) VALUES ((SELECT id FROM card c WHERE c.id_expansion = '16' AND c.`number` = '221' LIMIT 1), 1);
INSERT INTO card_to_subcategory (id_card, id_subcategory) VALUES ((SELECT id FROM card c WHERE c.id_expansion = '16' AND c.`number` = '222' LIMIT 1), 1);
INSERT INTO card_to_subcategory (id_card, id_subcategory) VALUES ((SELECT id FROM card c WHERE c.id_expansion = '16' AND c.`number` = '223' LIMIT 1), 1);
INSERT INTO card_to_subcategory (id_card, id_subcategory) VALUES ((SELECT id FROM card c WHERE c.id_expansion = '16' AND c.`number` = '224' LIMIT 1), 1);
INSERT INTO card_to_subcategory (id_card, id_subcategory) VALUES ((SELECT id FROM card c WHERE c.id_expansion = '16' AND c.`number` = '225' LIMIT 1), 1);
INSERT INTO card_to_subcategory (id_card, id_subcategory) VALUES ((SELECT id FROM card c WHERE c.id_expansion = '16' AND c.`number` = '226' LIMIT 1), 1);
INSERT INTO card_to_subcategory (id_card, id_subcategory) VALUES ((SELECT id FROM card c WHERE c.id_expansion = '16' AND c.`number` = '227' LIMIT 1), 1);
INSERT INTO card_to_subcategory (id_card, id_subcategory) VALUES ((SELECT id FROM card c WHERE c.id_expansion = '16' AND c.`number` = '228' LIMIT 1), 6);
INSERT INTO card_to_subcategory (id_card, id_subcategory) VALUES ((SELECT id FROM card c WHERE c.id_expansion = '16' AND c.`number` = '228' LIMIT 1), 9);
INSERT INTO card_to_subcategory (id_card, id_subcategory) VALUES ((SELECT id FROM card c WHERE c.id_expansion = '16' AND c.`number` = '229' LIMIT 1), 5);
INSERT INTO card_to_subcategory (id_card, id_subcategory) VALUES ((SELECT id FROM card c WHERE c.id_expansion = '16' AND c.`number` = '229' LIMIT 1), 9);
INSERT INTO card_to_subcategory (id_card, id_subcategory) VALUES ((SELECT id FROM card c WHERE c.id_expansion = '16' AND c.`number` = '230' LIMIT 1), 5);
INSERT INTO card_to_subcategory (id_card, id_subcategory) VALUES ((SELECT id FROM card c WHERE c.id_expansion = '16' AND c.`number` = '230' LIMIT 1), 9);
INSERT INTO card_to_subcategory (id_card, id_subcategory) VALUES ((SELECT id FROM card c WHERE c.id_expansion = '16' AND c.`number` = '231' LIMIT 1), 5);
INSERT INTO card_to_subcategory (id_card, id_subcategory) VALUES ((SELECT id FROM card c WHERE c.id_expansion = '16' AND c.`number` = '231' LIMIT 1), 9);
INSERT INTO card_to_subcategory (id_card, id_subcategory) VALUES ((SELECT id FROM card c WHERE c.id_expansion = '16' AND c.`number` = '232' LIMIT 1), 7);
INSERT INTO card_to_subcategory (id_card, id_subcategory) VALUES ((SELECT id FROM card c WHERE c.id_expansion = '16' AND c.`number` = '232' LIMIT 1), 9);
INSERT INTO card_to_subcategory (id_card, id_subcategory) VALUES ((SELECT id FROM card c WHERE c.id_expansion = '16' AND c.`number` = '233' LIMIT 1), 7);
INSERT INTO card_to_subcategory (id_card, id_subcategory) VALUES ((SELECT id FROM card c WHERE c.id_expansion = '16' AND c.`number` = '233' LIMIT 1), 9);
INSERT INTO card_to_subcategory (id_card, id_subcategory) VALUES ((SELECT id FROM card c WHERE c.id_expansion = '16' AND c.`number` = '234' LIMIT 1), 7);
INSERT INTO card_to_subcategory (id_card, id_subcategory) VALUES ((SELECT id FROM card c WHERE c.id_expansion = '16' AND c.`number` = '234' LIMIT 1), 9);
INSERT INTO card_to_subcategory (id_card, id_subcategory) VALUES ((SELECT id FROM card c WHERE c.id_expansion = '16' AND c.`number` = '235' LIMIT 1), 6);
INSERT INTO card_to_subcategory (id_card, id_subcategory) VALUES ((SELECT id FROM card c WHERE c.id_expansion = '16' AND c.`number` = '235' LIMIT 1), 9);
INSERT INTO card_to_subcategory (id_card, id_subcategory) VALUES ((SELECT id FROM card c WHERE c.id_expansion = '16' AND c.`number` = '236' LIMIT 1), 1);
INSERT INTO card_to_subcategory (id_card, id_subcategory) VALUES ((SELECT id FROM card c WHERE c.id_expansion = '16' AND c.`number` = '237' LIMIT 1), 1);
INSERT INTO card_to_subcategory (id_card, id_subcategory) VALUES ((SELECT id FROM card c WHERE c.id_expansion = '16' AND c.`number` = '238' LIMIT 1), 1);
INSERT INTO card_to_subcategory (id_card, id_subcategory) VALUES ((SELECT id FROM card c WHERE c.id_expansion = '16' AND c.`number` = '239' LIMIT 1), 5);
INSERT INTO card_to_subcategory (id_card, id_subcategory) VALUES ((SELECT id FROM card c WHERE c.id_expansion = '16' AND c.`number` = '239' LIMIT 1), 9);
INSERT INTO card_to_subcategory (id_card, id_subcategory) VALUES ((SELECT id FROM card c WHERE c.id_expansion = '16' AND c.`number` = '240' LIMIT 1), 5);
INSERT INTO card_to_subcategory (id_card, id_subcategory) VALUES ((SELECT id FROM card c WHERE c.id_expansion = '16' AND c.`number` = '240' LIMIT 1), 9);
INSERT INTO card_to_subcategory (id_card, id_subcategory) VALUES ((SELECT id FROM card c WHERE c.id_expansion = '16' AND c.`number` = '241' LIMIT 1), 7);
INSERT INTO card_to_subcategory (id_card, id_subcategory) VALUES ((SELECT id FROM card c WHERE c.id_expansion = '16' AND c.`number` = '241' LIMIT 1), 9);
INSERT INTO card_to_subcategory (id_card, id_subcategory) VALUES ((SELECT id FROM card c WHERE c.id_expansion = '16' AND c.`number` = '242' LIMIT 1), 7);
INSERT INTO card_to_subcategory (id_card, id_subcategory) VALUES ((SELECT id FROM card c WHERE c.id_expansion = '16' AND c.`number` = '242' LIMIT 1), 9);
INSERT INTO card_to_subcategory (id_card, id_subcategory) VALUES ((SELECT id FROM card c WHERE c.id_expansion = '16' AND c.`number` = '243' LIMIT 1), 2);
INSERT INTO card_to_subcategory (id_card, id_subcategory) VALUES ((SELECT id FROM card c WHERE c.id_expansion = '16' AND c.`number` = '244' LIMIT 1), 2);
